{"Knowledge": [[0.0, 0.0, 0.0, 0.0, 0.0, 0.0, 0.0, 0.0, 0.0, 0.0, 0.0, 0.0, 0.0, 0.0, 0.0, 0.0, 0.0]], "Accuracy": [[0.0, 0.0, 0.0, 0.0, 0.0, 0.0, 0.0, 0.0, 0.0, 0.0, 0.0, 0.0, 0.0, 0.0, 0.0, 0.0, 0.0]], "Loss": [[0.7951545154515451, 0.8955728906223955, 0.7265809914324765, 0.8224822482248225, 0.8845884588458847, 0.9003400340034003, 0.8141355802246891, 0.9634380104677135, 0.9668216821682168, 0.9828066139947328, 0.983956729006234, 0.968121812181218, 0.9741724172417241, 0.9590209020902091, 0.9763976397639764, 0.9685968596859684, 0.960962762942961]]}