{"L0": {"operation": {"conv_f32_k7_relu": [[0.16665466129779816, 0.16665466129779816, 0.16665466129779816, 0.16665466129779816, 0.16665466129779816, 0.16679360469182333, 0.17515924998692103, 0.19049804285168648, 0.20213233100043404, 0.23943414092063903, 0.2825128898024559, 0.3197442799806595, 0.3637503698468208, 0.40849583148956303, 0.4529091820120812, 0.49722198843955995, 0.535939484834671]], "conv_f32_k13_relu": [[0.1666504293680191, 0.1666504293680191, 0.1666504293680191, 0.1666504293680191, 0.1666504293680191, 0.16734388719002405, 0.18379895389080048, 0.2179983388632536, 0.2627931485573451, 0.2748940542340279, 0.2957840830087662, 0.3232726022601128, 0.3444145143032074, 0.36515680998563765, 0.3864480912685395, 0.40749117732048035, 0.41727229952812195]], "conv_f32_k3_relu": [[0.16667300462722778, 0.16667300462722778, 0.16667300462722778, 0.16667300462722778, 0.16667300462722778, 0.16733804096778235, 0.18132557826382772, 0.1807982511818409, 0.16719675064086914, 0.15314420517534016, 0.13809996545314787, 0.12254209490492941, 0.10668328069150448, 0.09059010776691138, 0.07436715345829725, 0.05765888355672359, 0.031416165712289515]], "conv_f32_k7_tanh": [[0.16666050255298615, 0.16666050255298615, 0.16666050255298615, 0.16666050255298615, 0.16666050255298615, 0.1667359620332718, 0.1639310313122613, 0.1514364890754223, 0.13736983781887424, 0.1250578375533223, 0.10946365166455507, 0.09363478822633622, 0.07768010343424975, 0.06162075437605381, 0.04547468689270318, 0.02921915207989514, 0.01493958830833435]], "conv_f32_k13_tanh": [[0.16669772565364838, 0.16669772565364838, 0.16669772565364838, 0.16669772565364838, 0.16669772565364838, 0.1658992419640223, 0.14715949233089173, 0.12881499771901872, 0.11450272939752419, 0.10305247486044919, 0.08638270368032623, 0.06971293124407274, 0.05304315869190967, 0.03637338612787255, 0.019703613562641654, 0.0035129312110668063, 4.083175785741435e-05]], "conv_f32_k3_tanh": [[0.16666366159915924, 0.16666366159915924, 0.16666366159915924, 0.16666366159915924, 0.16666366159915924, 0.16588924328486124, 0.14862567771758353, 0.13045386271551251, 0.11600518664797871, 0.1044172728812555, 0.08775669514725452, 0.07109328861788528, 0.05442857452853787, 0.037763117708436766, 0.02109728076579813, 0.0048958843729224105, 0.0003916435213568548]]}}, "L1": {"operation": {"maxpool1d": [[0.33329150080680847, 0.33333949744701385, 0.33334489663441974, 0.33334068208932877, 0.333330774307251, 0.33404963711897534, 0.3999805152416229, 0.4619480334222317, 0.5152221156491174, 0.5603740423917771, 0.6249512732028962, 0.6901963472366334, 0.7557824760675431, 0.8216937601566316, 0.8878031462430955, 0.9535662531852723, 0.9736297607421875]], "avgpool1d": [[0.3333278000354767, 0.33330386877059937, 0.333299845457077, 0.33330608904361725, 0.33331164717674255, 0.3309115519126256, 0.28852863343698637, 0.2539097936823964, 0.22635809580485025, 0.20405387149658055, 0.1709211061708629, 0.13771724473917857, 0.10447277795756237, 0.07119320898200386, 0.037894380971556535, 0.006027353857643902, 0.0026213486373308113]], "identity": [[0.33338072896003723, 0.3333566337823868, 0.33335523804028827, 0.333353228867054, 0.333357572555542, 0.33503880600134534, 0.31149084653173176, 0.284142161719501, 0.25841979102955925, 0.2355720840394497, 0.204127624630928, 0.17208640770986672, 0.13974474994465708, 0.10711302761919794, 0.07430246537551284, 0.0404063894879073, 0.02374888227786869]]}}, "L2": {"operation": {"conv_f64_k7_relu": [[0.14285379648208618, 0.1428506001830101, 0.14285261432329813, 0.14285428076982498, 0.1428520530462265, 0.14323550959428152, 0.15738788459982192, 0.1699643712490797, 0.16671274602413177, 0.1691898018121719, 0.19809990823268891, 0.2391788110136986, 0.2769678711891175, 0.31699494123458866, 0.3557323500514031, 0.39667453765869143, 0.4260852977633477]], "conv_f64_k13_relu": [[0.14285823702812195, 0.14285576343536377, 0.14285370210806528, 0.14285898208618164, 0.1428604394197464, 0.14128356675306955, 0.12173084721767477, 0.10656044946881593, 0.09472435336566479, 0.08525237983558329, 0.07096662705088762, 0.056681307924338835, 0.04239635151034429, 0.028108869528726932, 0.013822242685810808, 0.0004823223485829352, 4.0869348707068935e-05]], "conv_f64_k3_relu": [[0.14282453060150146, 0.14284679293632507, 0.14285045365492502, 0.14285020530223846, 0.14284400045871734, 0.13806190465887389, 0.11837700441330005, 0.10358068959538969, 0.0920717478355818, 0.08286457395648696, 0.06858212094165449, 0.05429521541652798, 0.04000943790740228, 0.025724491882988115, 0.011442573774524973, 2.7431208559328413e-05, 6.709145736116158e-07]], "conv_f64_k7_tanh": [[0.1428362876176834, 0.142849862575531, 0.14284849166870117, 0.1428486742079258, 0.14284878373146057, 0.14058499783277512, 0.1222180025652051, 0.10741317973588593, 0.09561039080532889, 0.08609742707049009, 0.07183630524232286, 0.0575596303482598, 0.04327956636880116, 0.028996654760157982, 0.014712695926846212, 0.0017865428540517316, 0.0005851532220276569]], "conv_f64_k13_tanh": [[0.14286305010318756, 0.14285411685705185, 0.1428531308968862, 0.14285124093294144, 0.14285358190536498, 0.1504328946272532, 0.2216530101639884, 0.2851024270057678, 0.34866423077053493, 0.3945864200592041, 0.43707924336195, 0.46742088049650193, 0.5010564088821412, 0.5324568182229996, 0.5651478290557862, 0.5908569663763047, 0.5723184108734131]], "conv_f64_k3_tanh": [[0.14289520680904388, 0.1428745836019516, 0.14287265638510385, 0.14286739006638527, 0.14287260174751282, 0.14264805614948273, 0.12420647232128042, 0.10892487873206846, 0.09685593774904394, 0.08717675296938979, 0.07288881818840309, 0.05860378025015508, 0.044316987035426796, 0.030031848340793487, 0.015742508145332932, 0.001589976398095505, 0.00023427971041962707]], "identity": [[0.14286892116069794, 0.142868310213089, 0.14286897083123526, 0.1428692452609539, 0.14286855161190032, 0.14375307659308115, 0.13442679281745637, 0.11845401278696954, 0.10536059433232164, 0.09483264501832309, 0.08054697941224731, 0.06626037503236831, 0.05197337041384742, 0.03768636711202192, 0.023399789935095994, 0.008582219862491119, 0.0007353108563453301]]}}, "L3": {"operation": {"flatten": [[0.3333459198474884, 0.3333556801080704, 0.33335121472676593, 0.33335065841674805, 0.33335264325141906, 0.30661288648843765, 0.26281153483403485, 0.2299600946094923, 0.20440897299445912, 0.18396807569504986, 0.1506334837103012, 0.11729693967343595, 0.08396271127702024, 0.050627812328350785, 0.01729175406934047, 3.4380198741271665e-07, 1.3112256172280063e-09]], "globalaveragepooling1d:{}": [[0.3333163261413574, 0.3333209306001663, 0.33333560824394226, 0.33332663029432297, 0.33332757353782655, 0.306057574848334, 0.2623352152073072, 0.22954331355739546, 0.20403850094059764, 0.18363465084653954, 0.15030301823240377, 0.11697046472650621, 0.0836339683733568, 0.05030399872881034, 0.016970864077626244, 1.0593753911442326e-07, 2.014244949197662e-10]], "globalmaxpooling1d:{}": [[0.3333377540111542, 0.3333233892917633, 0.33331318696339923, 0.333322711288929, 0.33331978917121885, 0.3873295436302821, 0.4748532474040985, 0.5404965914785862, 0.5915525257587433, 0.632397273182869, 0.6990634977817535, 0.7657325953245162, 0.8324033170938491, 0.8990681886672972, 0.9657373785972594, 0.9999995470046996, 0.9999999999999999]]}}}